,Title,Purpose,Sentiment
17,"Moore, Smith and Smith - A Flask Website",Right-sized human-resource structure expedite killer content,-0.6486
0,"Webb, Meadows and Porter - A Flask Website",Progressive grid-enabled monitoring streamline killer metric,-0.6486
28,"Morrow, Mendoza and Thomas - A Flask Website",Re-engineered radical ability reinvent killer initiative,-0.4588
0,"Becker, Johnson and West - A Flask Website",Customizable cohesive protocol visualize front-end e-business,0.0
49,"Wilson, Goodman and Lewis - A Flask Website",Public-key 3rdgeneration Local Area Network incubate cross-platform schema,0.0
47,"Huang, Dunn and Solis - A Flask Website",Inverse empowering benchmark brand cross-platform bandwidth,0.0
46,"Grimes, Patel and Jackson - A Flask Website",Customizable intangible neural-net monetize intuitive eyeball,0.0
44,Ward-James - A Flask Website,Digitized directional groupware evolve scalable user,0.0
43,"Weaver, Williamson and Galloway - A Flask Website",Phased 6thgeneration approach reinvent bleeding-edge system,0.0
40,Lindsey PLC - A Flask Website,Cross-group heuristic policy utilize synergistic synergy,0.0
39,"Palmer, Brandt and Dixon - A Flask Website",Switchable fault-tolerant project expedite intuitive experience,0.0
38,Phillips-Nelson - A Flask Website,Versatile grid-enabled collaboration engineer next-generation e-business,0.0
36,Wilson-Watkins - A Flask Website,Implemented asynchronous standardization brand ubiquitous methodology,0.0
35,Turner-Harper - A Flask Website,Switchable 24/7 Graphical User Interface matrix granular application,0.0
34,"Anthony, Newman and Richardson - A Flask Website",Synergized 24hour infrastructure transition distributed network,0.0
26,Kim-Potts - A Flask Website,Decentralized global monitoring brand extensible bandwidth,0.0
22,"Smith, Green and Davidson - A Flask Website",Open-architected zero-defect alliance disintermediate leading-edge web service,0.0
21,"Newman, Horton and Mora - A Flask Website",Fundamental exuding knowledge user benchmark leading-edge relationship,0.0
20,"Padilla, Martin and Alvarez - A Flask Website",Triple-buffered background function matrix synergistic system,0.0
13,Logan and Sons - A Flask Website,Adaptive heuristic productivity revolutionize 24/365 relationship,0.0
12,Williams-Hawkins - A Flask Website,Extended exuding productivity incubate integrated web-readiness,0.0
9,Thornton-Lee - A Flask Website,Inverse explicit Graphical User Interface deliver turn-key user,0.0
8,Rios-Ruiz - A Flask Website,Centralized even-keeled focus group e-enable end-to-end functionality,0.0
6,Luna-Patton - A Flask Website,Cloned mission-critical implementation monetize user-centric system,0.0
5,"Garner, Johnson and Taylor - A Flask Website",Re-contextualized 24/7 productivity synergize distributed web service,0.0
30,Baldwin LLC - A Flask Website,Ameliorated regional database aggregate integrated network,0.0
1,"Flores, Ross and Fields - A Flask Website",Automated zero-defect protocol e-enable scalable vortals,0.0
2,Meyer PLC - A Flask Website,Object-based bifurcated attitude mesh viral eyeball,0.0
3,Hines-Sims - A Flask Website,Digitized non-volatile migration reinvent B2B info-mediaries,0.0
47,Robinson-Irwin - A Flask Website,Vision-oriented global forecast integrate best-of-breed eyeball,0.0
44,Sims and Sons - A Flask Website,Profit-focused bifurcated toolset repurpose integrated relationship,0.0
43,Lane Ltd - A Flask Website,Phased actuating matrix streamline one-to-one bandwidth,0.0
35,Molina and Sons - A Flask Website,Inverse composite service-desk utilize leading-edge channel,0.0
34,Flowers Inc - A Flask Website,Centralized logistical installation incentivize best-of-breed metric,0.0
31,"Baker, Montoya and Fuller - A Flask Website",Realigned multi-tasking attitude brand out-of-the-box community,0.0
30,Smith Group - A Flask Website,Self-enabling maximized intranet reinvent ubiquitous e-tailers,0.0
29,Estrada-Compton - A Flask Website,Operative cohesive standardization monetize web-enabled e-commerce,0.0
27,Terry PLC - A Flask Website,Distributed even-keeled firmware strategize frictionless schema,0.0
26,"Kelley, Orr and Watts - A Flask Website",Universal content-based installation envisioneer extensible info-mediaries,0.0
4,Miller LLC - A Flask Website,Streamlined holistic hierarchy scale clicks-and-mortar mindshare,0.0
25,"Barajas, French and Weber - A Flask Website",Intuitive interactive hierarchy benchmark customized metric,0.0
23,"Miller, Figueroa and Jackson - A Flask Website",Progressive 4thgeneration open system maximize holistic methodology,0.0
22,Shea-Perez - A Flask Website,Total multi-tasking data-warehouse re-contextualize granular mindshare,0.0
19,Murphy-Perez - A Flask Website,Compatible reciprocal moratorium empower ubiquitous deliverable,0.0
16,Hurst-Williams - A Flask Website,Persevering systematic interface reinvent out-of-the-box ROI,0.0
13,"James, Guerrero and Wagner - A Flask Website",Organic attitude-oriented hardware facilitate customized bandwidth,0.0
11,"Gonzales, Becker and Griffith - A Flask Website",Fully-configurable global firmware repurpose frictionless metric,0.0
7,"Dougherty, Miller and Wood - A Flask Website",Virtual client-driven groupware utilize extensible ROI,0.0
6,"Hernandez, Walsh and King - A Flask Website",Self-enabling scalable strategy unleash bleeding-edge model,0.0
5,"Knapp, Vazquez and Grant - A Flask Website",Multi-lateral discrete Graphic Interface expedite B2C interface,0.0
4,Coffey LLC - A Flask Website,Virtual maximized throughput benchmark cutting-edge supply-chains,0.0
24,Jones-Caldwell - A Flask Website,Multi-tiered national project benchmark interactive partnership,0.0
3,Montgomery PLC - A Flask Website,Reactive web-enabled time-frame expedite out-of-the-box bandwidth,0.0
24,"Perkins, Hernandez and Evans - A Flask Website",Horizontal attitude-oriented product facilitate interactive channel,0.0
7,Rogers-Rollins - A Flask Website,Public-key empowering website revolutionize mission-critical application,0.0
5,Campbell-Howard - A Flask Website,Synchronized background Graphical User Interface redefine turn-key metric,0.0
21,Brown-Tapia - A Flask Website,Future-proofed multi-state throughput empower dot-com e-services,0.0
22,Lewis-Wilson - A Flask Website,Re-engineered impactful open system revolutionize customized ROI,0.0
3,"Ward, Nichols and Davis - A Flask Website",Down-sized holistic forecast enable transparent system,0.0
24,Nguyen Ltd - A Flask Website,Persistent impactful benchmark harness magnetic interface,0.0
40,Rice Inc - A Flask Website,Persistent fresh-thinking instruction set drive seamless content,0.0
25,Saunders-Morgan - A Flask Website,Intuitive client-driven software empower bleeding-edge technology,0.0
4,"Cox, Jones and Higgins - A Flask Website",Organized homogeneous methodology transition cross-media application,0.0
2,"Johnson, Raymond and Lane - A Flask Website",Open-source zero administration intranet repurpose real-time interface,0.0
39,"Weber, Austin and Velazquez - A Flask Website",Cross-platform content-based service-desk utilize strategic e-commerce,0.0
38,Levine Ltd - A Flask Website,Distributed transitional workforce target user-centric portal,0.0
28,"Brady, Young and Meadows - A Flask Website",Business-focused client-driven methodology incubate dot-com e-business,0.0
31,Young-Howard - A Flask Website,Reactive holistic complexity integrate web-enabled e-markets,0.0
35,Turner PLC - A Flask Website,User-centric asynchronous implementation unleash dot-com web service,0.0
34,Moore-Myers - A Flask Website,Face-to-face bottom-line standardization transition transparent portal,0.0
33,"Chapman, Price and Jordan - A Flask Website",Cross-platform modular info-mediaries whiteboard end-to-end supply-chains,0.0
19,Martin-Estrada - A Flask Website,Sharable exuding Local Area Network mesh open-source niche,0.0
20,Chapman LLC - A Flask Website,Diverse tangible leverage visualize extensible experience,0.0
44,"Nolan, Austin and Brown - A Flask Website",Phased encompassing installation monetize end-to-end content,0.0
9,Brown Group - A Flask Website,Decentralized leadingedge help-desk deploy open-source web service,0.0
49,"Trujillo, George and Scott - A Flask Website",Business-focused holistic implementation empower revolutionary e-tailers,0.0
10,"Clark, Serrano and Neal - A Flask Website",Realigned content-based info-mediaries facilitate frictionless channel,0.0
48,Williams-Russell - A Flask Website,Re-engineered solution-oriented benchmark reinvent best-of-breed info-mediaries,0.0
47,"Burns, Lang and Ferrell - A Flask Website",Profound radical core benchmark intuitive e-commerce,0.0
12,"Martinez, Adams and Donovan - A Flask Website",Multi-lateral impactful strategy enable magnetic application,0.0
13,"Evans, Stokes and Mcgrath - A Flask Website",Vision-oriented context-sensitive groupware envisioneer distributed e-services,0.0
46,Ward-Ingram - A Flask Website,Business-focused incremental core leverage impactful action-items,0.0
14,Eaton LLC - A Flask Website,Reduced asynchronous service-desk productize frictionless portal,0.0
15,"Cox, Wang and Aguilar - A Flask Website",Cross-group bifurcated initiative benchmark interactive e-markets,0.0
6,Herrera-Hahn - A Flask Website,Front-line radical monitoring mesh leading-edge paradigm,0.0
16,Rowland-Skinner - A Flask Website,Cross-platform analyzing help-desk facilitate cutting-edge e-services,0.0
45,Mays-Keith - A Flask Website,Polarized regional hierarchy reinvent interactive synergy,0.0
8,Barton Ltd - A Flask Website,Open-source executive model morph seamless ROI,0.0
15,Perez-Hall - A Flask Website,Mandatory 4thgeneration definition target sticky relationship,0.0772
14,"Hart, Jackson and Reeves - A Flask Website",Pre-emptive solution-oriented challenge orchestrate back-end web-readiness,0.0772
48,Washington LLC - A Flask Website,Centralized bottom-line challenge brand one-to-one e-commerce,0.0772
18,"Ford, Parker and Brooks - A Flask Website",Mandatory solution-oriented neural-net re-contextualize enterprise methodology,0.0772
10,Chang-Thompson - A Flask Website,Innovative scalable support monetize killer functionality,0.0772
27,"Ramos, Hall and Mclaughlin - A Flask Website",Pre-emptive methodical Graphic Interface synthesize cutting-edge user,0.1531
36,Brown Ltd - A Flask Website,Face-to-face methodical analyzer unleash cross-media channel,0.1531
11,Thompson-Torres - A Flask Website,Decentralized multimedia approach extend 24/365 user,0.1779
27,Smith-Knight - A Flask Website,Assimilated intangible archive harness compelling platform,0.2263
39,Zamora-Collins - A Flask Website,Advanced actuating superstructure re-contextualize e-business functionality,0.25
32,Allen Inc - A Flask Website,Advanced mission-critical data-warehouse syndicate customized schema,0.25
1,Jones LLC - A Flask Website,Adaptive zero tolerance paradigm morph distributed initiative,0.296
15,Bates LLC - A Flask Website,Customer-focused cohesive focus group exploit dynamic web service,0.296
23,"Trujillo, Lee and Richardson - A Flask Website",Mandatory value-added protocol utilize compelling convergence,0.296
10,Heath and Sons - A Flask Website,Upgradable zero tolerance open system strategize back-end info-mediaries,0.296
41,Coleman-Wilson - A Flask Website,Distributed intangible instruction set embrace mission-critical vortals,0.3182
11,"Sandoval, Turner and Andrews - A Flask Website",Enhanced bottom-line ability architect world-class vortals,0.3182
29,Jacobson-Wilson - A Flask Website,Assimilated encompassing encryption embrace transparent e-commerce,0.3182
19,Hays Group - A Flask Website,Inverse cohesive groupware embrace one-to-one technology,0.3182
37,Carr-Callahan - A Flask Website,Customer-focused fresh-thinking portal embrace value-added infrastructure,0.3182
16,Graham Group - A Flask Website,Implemented modular algorithm target granular solution,0.3182
46,Marshall PLC - A Flask Website,Seamless grid-enabled frame engage holistic network,0.34
23,Robinson-Scott - A Flask Website,Distributed explicit knowledge user monetize robust synergy,0.34
41,"Potts, Hunter and Miller - A Flask Website",Open-source impactful knowledgebase engage wireless experience,0.34
45,Aguilar-Cook - A Flask Website,Automated coherent structure harness robust relationship,0.34
9,Key Ltd - A Flask Website,Extended responsive superstructure matrix user-centric vortals,0.3612
0,Odom and Sons - A Flask Website,Polarized optimal encoding mesh global relationship,0.3612
7,"Collins, Duran and Watkins - A Flask Website",Organic grid-enabled attitude reinvent dynamic network,0.3818
17,Rivas-Olson - A Flask Website,Right-sized dynamic database integrate sticky e-tailers,0.3818
18,Hall PLC - A Flask Website,Focused tertiary firmware mesh back-end web-readiness,0.3818
37,Douglas-Scott - A Flask Website,Up-sized holistic contingency deploy dynamic portal,0.3818
43,Black-Cook - A Flask Website,Focused needs-based capability drive B2C content,0.3818
14,Greene Inc - A Flask Website,Automated dynamic conglomeration syndicate scalable e-business,0.3818
12,Kelly-Warren - A Flask Website,Focused regional encoding aggregate turn-key initiative,0.3818
41,Smith PLC - A Flask Website,Phased even-keeled support revolutionize revolutionary model,0.4019
36,Rodriguez-Perry - A Flask Website,Synergized tertiary secured line implement extensible partnership,0.4019
42,"Wall, Hernandez and Mccormick - A Flask Website",Inverse global encoding maximize proactive ROI,0.4215
40,"Golden, Fletcher and Hansen - A Flask Website",User-centric explicit budgetary management grow proactive web service,0.4215
45,Peterson-Noble - A Flask Website,Enterprise-wide scalable matrix leverage innovative deliverable,0.4404
37,Cole-Kennedy - A Flask Website,Re-engineered discrete process improvement visualize user-centric e-tailers,0.4588
29,"Johnson, Brady and Brown - A Flask Website",Reverse-engineered optimizing website enable out-of-the-box web-readiness,0.4588
17,Jimenez LLC - A Flask Website,Optimized zero administration open system monetize customized schema,0.4588
42,Mccormick Group - A Flask Website,Multi-layered motivating info-mediaries productize value-added functionality,0.4939
1,"Martinez, Wolf and Macdonald - A Flask Website",Triple-buffered foreground analyzer innovate cutting-edge community,0.4939
18,Hart Inc - A Flask Website,Multi-layered didactic collaboration optimize revolutionary network,0.4939
26,White-Chavez - A Flask Website,Up-sized context-sensitive open system optimize clicks-and-mortar initiative,0.4939
21,Gallagher PLC - A Flask Website,Persevering directional synergy optimize user-centric vortals,0.4939
32,Sanders Inc - A Flask Website,Horizontal zero-defect system engine innovate revolutionary e-services,0.4939
48,Perry Group - A Flask Website,Organic coherent moderator whiteboard visionary paradigm,0.5267
31,Rangel-Spencer - A Flask Website,Devolved full-range customer loyalty cultivate clicks-and-mortar paradigm,0.5423
25,Hardy Inc - A Flask Website,Profit-focused zero-defect customer loyalty seize B2C methodology,0.5423
30,Robertson LLC - A Flask Website,Multi-tiered content-based implementation utilize rich methodology,0.5574
38,Hodge-Gray - A Flask Website,Triple-buffered needs-based attitude synthesize rich ROI,0.5574
33,Thompson Ltd - A Flask Website,Robust tangible array embrace scalable deliverable,0.5719
32,Thompson Inc - A Flask Website,Organized dedicated interface transform out-of-the-box solution,0.6486
33,Mullins-Dickson - A Flask Website,Advanced discrete Local Area Network leverage visionary experience,0.6597
49,Garcia-Clark - A Flask Website,Down-sized local orchestration innovate robust e-services,0.6808
28,"Perry, Flowers and Fisher - A Flask Website",Multi-lateral asymmetric hierarchy optimize dynamic action-items,0.7003
2,"Quinn, Salas and Stanton - A Flask Website",Multi-tiered dynamic installation optimize turn-key e-markets,0.7003
20,Hernandez-Lopez - A Flask Website,Front-line stable middleware evolve rich bandwidth,0.7003
42,"Browning, Hanson and Rogers - A Flask Website",Optimized multi-tasking synergy repurpose visionary architecture,0.7506
8,Sexton-Mcneil - A Flask Website,Front-line motivating adapter innovate mission-critical ROI,0.7506
